cv violent crime,entropy violent crime,freeman_centrality violent crime,gini violent crime,freeman_centrality property crime,entropy property crime,gini property crime,cv property crime
"(-0.42901120371448292, 0.016029845885363402)","(-0.028776209132769764, 0.87787258746404007)","(-0.29839120024120064, 0.10299841708691833)","(0.31628473885359143, 0.083016156843175287)","(-0.31707910650667509, 0.077018124894763174)","(0.075370124098383839, 0.68182150836374777)","(0.23402255989579979, 0.19734569834279742)","(-0.49340687828722846, 0.0041100615034942254)"
